Workbook

Sheet Items
A1: No. | B1: Heading | C1: Quick Review prompt | D1: Status | E1: Added from | F1: Original no. | G1: XII graded count | H1: XII grade | I1: XIII graded count | J1: XIII grade | K1: All mapped questions
A2: 1 | B2: Hyperbola: Introduction | C2: What is the condition for general equation of 2nd degree curve to represent a hyperbola? | D2: Original | F2: 1 | G2: =COUNTIFS(Map!$D:$D,$A2,Map!$F:$F,"Y") -> 0 | H2: =IF(G2>=Settings!$B$3,"High",IF(G2>=Settings!$B$5,"Medium","Low")) -> Low | I2: =COUNTIFS(Map!$D:$D,$A2,Map!$G:$G,"Y") -> 0 | J2: =IF(I2>=Settings!$B$4,"High",IF(I2>=Settings!$B$5,"Medium","Low")) -> Low | K2: =COUNTIF(Map!$D:$D,$A2) -> 3
A3: 2 | B3: Hyperbola: Introduction | C3: What is the definition of hyperbola? | D3: Original | F3: 2 | G3: =COUNTIFS(Map!$D:$D,$A3,Map!$F:$F,"Y") -> 0 | H3: =IF(G3>=Settings!$B$3,"High",IF(G3>=Settings!$B$5,"Medium","Low")) -> Low | I3: =COUNTIFS(Map!$D:$D,$A3,Map!$G:$G,"Y") -> 0 | J3: =IF(I3>=Settings!$B$4,"High",IF(I3>=Settings!$B$5,"Medium","Low")) -> Low | K3: =COUNTIF(Map!$D:$D,$A3) -> 1
A4: 3 | B4: Hyperbola: Introduction | C4: What is the equation of standard hyperbola? And what is the relation between a and b? | D4: Original | F4: 3 | G4: =COUNTIFS(Map!$D:$D,$A4,Map!$F:$F,"Y") -> 1 | H4: =IF(G4>=Settings!$B$3,"High",IF(G4>=Settings!$B$5,"Medium","Low")) -> Medium | I4: =COUNTIFS(Map!$D:$D,$A4,Map!$G:$G,"Y") -> 1 | J4: =IF(I4>=Settings!$B$4,"High",IF(I4>=Settings!$B$5,"Medium","Low")) -> Medium | K4: =COUNTIF(Map!$D:$D,$A4) -> 8
A5: 4 | B5: Hyperbola: Introduction | C5: Define transverse axis / conjugate axis, foci, vertices, centre, principal axes for a hyperbola. | D5: Original | F5: 4 | G5: =COUNTIFS(Map!$D:$D,$A5,Map!$F:$F,"Y") -> 1 | H5: =IF(G5>=Settings!$B$3,"High",IF(G5>=Settings!$B$5,"Medium","Low")) -> Medium | I5: =COUNTIFS(Map!$D:$D,$A5,Map!$G:$G,"Y") -> 0 | J5: =IF(I5>=Settings!$B$4,"High",IF(I5>=Settings!$B$5,"Medium","Low")) -> Low | K5: =COUNTIF(Map!$D:$D,$A5) -> 1
A6: 5 | B6: Hyperbola: Introduction | C6: Define focal distance / focal radius, focal chord, double ordinate, latus rectum for a hyperbola. | D6: Original | F6: 5 | G6: =COUNTIFS(Map!$D:$D,$A6,Map!$F:$F,"Y") -> 0 | H6: =IF(G6>=Settings!$B$3,"High",IF(G6>=Settings!$B$5,"Medium","Low")) -> Low | I6: =COUNTIFS(Map!$D:$D,$A6,Map!$G:$G,"Y") -> 0 | J6: =IF(I6>=Settings!$B$4,"High",IF(I6>=Settings!$B$5,"Medium","Low")) -> Low | K6: =COUNTIF(Map!$D:$D,$A6) -> 2
A7: 6 | B7: Hyperbola: Introduction | C7: What is the formula of eccentricity? | D7: Original | F7: 6 | G7: =COUNTIFS(Map!$D:$D,$A7,Map!$F:$F,"Y") -> 19 | H7: =IF(G7>=Settings!$B$3,"High",IF(G7>=Settings!$B$5,"Medium","Low")) -> High | I7: =COUNTIFS(Map!$D:$D,$A7,Map!$G:$G,"Y") -> 17 | J7: =IF(I7>=Settings!$B$4,"High",IF(I7>=Settings!$B$5,"Medium","Low")) -> High | K7: =COUNTIF(Map!$D:$D,$A7) -> 48
A8: 7 | B8: Hyperbola: Introduction | C8: Write expression for b in terms of a and e. | D8: Original | F8: 7 | G8: =COUNTIFS(Map!$D:$D,$A8,Map!$F:$F,"Y") -> 0 | H8: =IF(G8>=Settings!$B$3,"High",IF(G8>=Settings!$B$5,"Medium","Low")) -> Low | I8: =COUNTIFS(Map!$D:$D,$A8,Map!$G:$G,"Y") -> 0 | J8: =IF(I8>=Settings!$B$4,"High",IF(I8>=Settings!$B$5,"Medium","Low")) -> Low | K8: =COUNTIF(Map!$D:$D,$A8) -> 0
A9: 8 | B9: Hyperbola: Introduction | C9: What are the coordinates of ends of latus rectum and length of latus rectum for standard hyperbola? | D9: Original | F9: 8 | G9: =COUNTIFS(Map!$D:$D,$A9,Map!$F:$F,"Y") -> 12 | H9: =IF(G9>=Settings!$B$3,"High",IF(G9>=Settings!$B$5,"Medium","Low")) -> High | I9: =COUNTIFS(Map!$D:$D,$A9,Map!$G:$G,"Y") -> 10 | J9: =IF(I9>=Settings!$B$4,"High",IF(I9>=Settings!$B$5,"Medium","Low")) -> High | K9: =COUNTIF(Map!$D:$D,$A9) -> 26
A10: 9 | B10: Hyperbola: Introduction | C10: What is the relation between length of LR, e and distance between focus and corresponding directrix for a hyperbola? | D10: Original | F10: 9 | G10: =COUNTIFS(Map!$D:$D,$A10,Map!$F:$F,"Y") -> 0 | H10: =IF(G10>=Settings!$B$3,"High",IF(G10>=Settings!$B$5,"Medium","Low")) -> Low | I10: =COUNTIFS(Map!$D:$D,$A10,Map!$G:$G,"Y") -> 0 | J10: =IF(I10>=Settings!$B$4,"High",IF(I10>=Settings!$B$5,"Medium","Low")) -> Low | K10: =COUNTIF(Map!$D:$D,$A10) -> 1
A11: 10 | B11: Hyperbola: Introduction | C11: How to find focal distance of a point on a hyperbola? | D11: Original | F11: 10 | G11: =COUNTIFS(Map!$D:$D,$A11,Map!$F:$F,"Y") -> 4 | H11: =IF(G11>=Settings!$B$3,"High",IF(G11>=Settings!$B$5,"Medium","Low")) -> High | I11: =COUNTIFS(Map!$D:$D,$A11,Map!$G:$G,"Y") -> 5 | J11: =IF(I11>=Settings!$B$4,"High",IF(I11>=Settings!$B$5,"Medium","Low")) -> High | K11: =COUNTIF(Map!$D:$D,$A11) -> 9
A12: 11 | B12: Hyperbola: Introduction | C12: How to check whether two hyperbolas are similar? | D12: Original | F12: 11 | G12: =COUNTIFS(Map!$D:$D,$A12,Map!$F:$F,"Y") -> 0 | H12: =IF(G12>=Settings!$B$3,"High",IF(G12>=Settings!$B$5,"Medium","Low")) -> Low | I12: =COUNTIFS(Map!$D:$D,$A12,Map!$G:$G,"Y") -> 0 | J12: =IF(I12>=Settings!$B$4,"High",IF(I12>=Settings!$B$5,"Medium","Low")) -> Low | K12: =COUNTIF(Map!$D:$D,$A12) -> 0
A13: 12 | B13: Auxiliary Circle and Eccentric Angle | C13: Define auxiliary circle for a hyperbola. | D13: Original | F13: 12 | G13: =COUNTIFS(Map!$D:$D,$A13,Map!$F:$F,"Y") -> 0 | H13: =IF(G13>=Settings!$B$3,"High",IF(G13>=Settings!$B$5,"Medium","Low")) -> Low | I13: =COUNTIFS(Map!$D:$D,$A13,Map!$G:$G,"Y") -> 0 | J13: =IF(I13>=Settings!$B$4,"High",IF(I13>=Settings!$B$5,"Medium","Low")) -> Low | K13: =COUNTIF(Map!$D:$D,$A13) -> 0
... A80: 79 | B80: Asymptote | C80: Find number of tangents and position of corresponding point(s) of tangency from a point lying in outside region of hyperbola. | D80: Original | F80: 79 | G80: =COUNTIFS(Map!$D:$D,$A80,Map!$F:$F,"Y") -> 0 | H80: =IF(G80>=Settings!$B$3,"High",IF(G80>=Settings!$B$5,"Medium","Low")) -> Low | I80: =COUNTIFS(Map!$D:$D,$A80,Map!$G:$G,"Y") -> 0 | J80: =IF(I80>=Settings!$B$4,"High",IF(I80>=Settings!$B$5,"Medium","Low")) -> Low | K80: =COUNTIF(Map!$D:$D,$A80) -> 1
A81: 80 | B81: Asymptote | C81: The tangent at P meets the asymptotes at Q and R. What can you say about P and the triangle CQR? | D81: Added | E81: DPP-10:6, J-II:77, C-II:50, C-II:51 | G81: =COUNTIFS(Map!$D:$D,$A81,Map!$F:$F,"Y") -> 0 | H81: =IF(G81>=Settings!$B$3,"High",IF(G81>=Settings!$B$5,"Medium","Low")) -> Low | I81: =COUNTIFS(Map!$D:$D,$A81,Map!$G:$G,"Y") -> 0 | J81: =IF(I81>=Settings!$B$4,"High",IF(I81>=Settings!$B$5,"Medium","Low")) -> Low | K81: =COUNTIF(Map!$D:$D,$A81) -> 4
A82: 81 | B82: Rectangular Hyperbola $xy=c^2$ | C82: Derive everything for xy=c^2. | D82: Original | F82: 80 | G82: =COUNTIFS(Map!$D:$D,$A82,Map!$F:$F,"Y") -> 1 | H82: =IF(G82>=Settings!$B$3,"High",IF(G82>=Settings!$B$5,"Medium","Low")) -> Medium | I82: =COUNTIFS(Map!$D:$D,$A82,Map!$G:$G,"Y") -> 1 | J82: =IF(I82>=Settings!$B$4,"High",IF(I82>=Settings!$B$5,"Medium","Low")) -> Medium | K82: =COUNTIF(Map!$D:$D,$A82) -> 5
A83: 82 | B83: Rectangular Hyperbola $xy=c^2$ | C83: What are the tangent and normal at P(t) on xy=c^2, and where does the normal meet the curve again? | D83: Added | E83: J-I:44, J-I:45, J-I:46, DPP-10:7, DPP-10:8, DPP-10:10, DPP-10:11, C-I:7 | G83: =COUNTIFS(Map!$D:$D,$A83,Map!$F:$F,"Y") -> 0 | H83: =IF(G83>=Settings!$B$3,"High",IF(G83>=Settings!$B$5,"Medium","Low")) -> Low | I83: =COUNTIFS(Map!$D:$D,$A83,Map!$G:$G,"Y") -> 0 | J83: =IF(I83>=Settings!$B$4,"High",IF(I83>=Settings!$B$5,"Medium","Low")) -> Low | K83: =COUNTIF(Map!$D:$D,$A83) -> 8
A84: 83 | B84: Rectangular Hyperbola $xy=c^2$ | C84: What is the chord of xy=c^2 joining t_1,t_2, and the chord with a given mid-point? | D84: Added | E84: J-I:43, DPP-10:9, DPP-10:12, J-M(XIII):12, C-II:47 | G84: =COUNTIFS(Map!$D:$D,$A84,Map!$F:$F,"Y") -> 0 | H84: =IF(G84>=Settings!$B$3,"High",IF(G84>=Settings!$B$5,"Medium","Low")) -> Low | I84: =COUNTIFS(Map!$D:$D,$A84,Map!$G:$G,"Y") -> 1 | J84: =IF(I84>=Settings!$B$4,"High",IF(I84>=Settings!$B$5,"Medium","Low")) -> Medium | K84: =COUNTIF(Map!$D:$D,$A84) -> 5
A85: 84 | B85: Rectangular Hyperbola $xy=c^2$ | C85: A circle meets xy=c^2 in four points t_1,t_2,t_3,t_4. What relations hold? | D85: Added | E85: J-II:76 | G85: =COUNTIFS(Map!$D:$D,$A85,Map!$F:$F,"Y") -> 0 | H85: =IF(G85>=Settings!$B$3,"High",IF(G85>=Settings!$B$5,"Medium","Low")) -> Low | I85: =COUNTIFS(Map!$D:$D,$A85,Map!$G:$G,"Y") -> 0 | J85: =IF(I85>=Settings!$B$4,"High",IF(I85>=Settings!$B$5,"Medium","Low")) -> Low | K85: =COUNTIF(Map!$D:$D,$A85) -> 1

Sheet Map
A1: Source | B1: Q no. | C1: Group | D1: Item no. | E1: Role | F1: Graded in XII | G1: Graded in XIII | H1: Question (English, truncated)
A2: J-I | B2: 11 | C2: Sheet | D2: 18 | E2: Main | F2: N | G2: N | H2: For the hyperbola   1 , which of the following remains constant  varies? cos2  sin 2  x2 y2 cos2  sin 2 
A3: J-I | B3: 11 | C3: Sheet | D3: 6 | E3: Also | F3: N | G3: N | H3: For the hyperbola   1 , which of the following remains constant  varies? cos2  sin 2  x2 y2 cos2  sin 2 
A4: J-I | B4: 12 | C4: Sheet | D4: 18 | E4: Main | F4: N | G4: N | H4: The foci of the ellipse + = 1 and the hyperbola – = coincide. Then the value of b2 is : 16 b 2 144 81 25 x2 y2 x2 y2 1 25 16 b 144 81
A5: J-I | B5: 12 | C5: Sheet | D5: 6 | E5: Also | F5: N | G5: N | H5: The foci of the ellipse + = 1 and the hyperbola – = coincide. Then the value of b2 is : 16 b 2 144 81 25 x2 y2 x2 y2 1 25 16 b 144 81
A6: J-I | B6: 13 | C6: Sheet | D6: 27 | E6: Main | F6: N | G6: N | H6: In eccentricity of conjugate hyperbola of the given hyperbola  x  1   y  2   x  5   y  5  3 is e', then value of 8e' is : 2
A7: J-I | B7: 13 | C7: Sheet | D7: 32 | E7: Also | F7: N | G7: N | H7: In eccentricity of conjugate hyperbola of the given hyperbola  x  1   y  2   x  5   y  5  3 is e', then value of 8e' is : 2
A8: J-I | B8: 14 | C8: Sheet | D8: 18 | E8: Main | F8: N | G8: N | H8: A hyperbola, having the transverse axis of length 2 sin , is confocal with the ellipse 3x2 + 4y2 = 12. Then its equation is : d hl ehd j .
A9: J-I | B9: 14 | C9: Sheet | D9: 6 | E9: Also | F9: N | G9: N | H9: A hyperbola, having the transverse axis of length 2 sin , is confocal with the ellipse 3x2 + 4y2 = 12. Then its equation is : d hl ehd j .
A10: J-I | B10: 15 | C10: Sheet | D10: 1 | E10: Main | F10: N | G10: N | H10: Let a and b be non-zero real numbers. Then, the equation (ax2 + by2 + c) (x2 – 5xy + 6y2) = 0 represents :
A11: J-I | B11: 15 | C11: Sheet | D11: 3 | E11: Also | F11: N | G11: N | H11: Let a and b be non-zero real numbers. Then, the equation (ax2 + by2 + c) (x2 – 5xy + 6y2) = 0 represents :
A12: J-I | B12: 16 | C12: Sheet | D12: 24 | E12: Main | F12: N | G12: N | H12: Consider a branch of the hyperbola, x2 – 2y2 – 2 2 x – 4 2 y – 6 = 0 with vertex at the point A. Let B be one of the end points of its latus
A13: J-I | B13: 16 | C13: Sheet | D13: 8 | E13: Also | F13: N | G13: N | H13: Consider a branch of the hyperbola, x2 – 2y2 – 2 2 x – 4 2 y – 6 = 0 with vertex at the point A. Let B be one of the end points of its latus
... A92: C-I | B92: 7 | C92: Sheet | D92: 82 | E92: Main | F92: N | G92: N | H92: The equation of the common tangent to the curves y2 = 8x and xy = –1 is :
A93: C-I | B93: 20 | C93: Sheet | D93: 3 | E93: Main | F93: N | G93: N
A94: C-II | B94: 39 | C94: Sheet | D94: 44 | E94: Main | F94: N | G94: N | H94: Tangent and normal are drawn at the upper end (x1, y1) of the latus rectum P with x1 > 0 and y1 > 0, of the x2 y2 hyperbola   1, intersect
A95: C-II | B95: 39 | C95: Sheet | D95: 49 | E95: Also | F95: N | G95: N | H95: Tangent and normal are drawn at the upper end (x1, y1) of the latus rectum P with x1 > 0 and y1 > 0, of the x2 y2 hyperbola   1, intersect
A96: C-II | B96: 39 | C96: Sheet | D96: 8 | E96: Also | F96: N | G96: N | H96: Tangent and normal are drawn at the upper end (x1, y1) of the latus rectum P with x1 > 0 and y1 > 0, of the x2 y2 hyperbola   1, intersect
A97: C-II | B97: 40 | C97: Sheet | D97: 47 | E97: Main | F97: N | G97: N | H97: Find the equations of the tangents to the hyperbola x2  9y2 = 9 that are drawn from (3, 2). Find the area of the triangle that these tangen
A98: C-II | B98: 40 | C98: Sheet | D98: 56 | E98: Also | F98: N | G98: N | H98: Find the equations of the tangents to the hyperbola x2  9y2 = 9 that are drawn from (3, 2). Find the area of the triangle that these tangen
A99: C-II | B99: 41 | C99: Sheet | D99: 49 | E99: Main | F99: N | G99: N | H99: The normal to the hyperbola   1 drawn at an extremity of its latus rectum is parallel to an asymptote. a 2 b2 (1  5) Show that the eccent
A100: C-II | B100: 41 | C100: Sheet | D100: 73 | E100: Also | F100: N | G100: N | H100: The normal to the hyperbola   1 drawn at an extremity of its latus rectum is parallel to an asymptote. a 2 b2 (1  5) Show that the eccent
A101: C-II | B101: 41 | C101: Sheet | D101: 8 | E101: Also | F101: N | G101: N | H101: The normal to the hyperbola   1 drawn at an extremity of its latus rectum is parallel to an asymptote. a 2 b2 (1  5) Show that the eccent
A102: C-II | B102: 42 | C102: Sheet | D102: 46 | E102: Main | F102: N | G102: N | H102: A line through the origin meets the circle x2 + y2 = a2 at P & the hyperbola x2  y2 = a2 at Q. If the locus of the point 4 2 2 2 o f i n t
A103: C-II | B103: 42 | C103: Sheet | D103: 44 | E103: Also | F103: N | G103: N | H103: A line through the origin meets the circle x2 + y2 = a2 at P & the hyperbola x2  y2 = a2 at Q. If the locus of the point 4 2 2 2 o f i n t
A104: C-II | B104: 43 | C104: Sheet | D104: 24 | E104: Main | F104: N | G104: N | H104: The graphs of x2 + y2 + 6 x  24 y + 72 = 0 & x2  y2 + 6 x + 16 y  46 = 0 intersect at four points. Compute the sum of the distances of th
A105: C-II | B105: 43 | C105: Sheet | D105: 65 | E105: Also | F105: N | G105: N | H105: The graphs of x2 + y2 + 6 x  24 y + 72 = 0 & x2  y2 + 6 x + 16 y  46 = 0 intersect at four points. Compute the sum of the distances of th
... A319: QB | B319: 128 | C319: Question Bank | D319: 6 | E319: Also | F319: Y | G319: N | H319: Let the latus rectum of the hyperbola  2  1 subtend an angle of at the centre of the hyperbola. If b2 is 9 b 3 equal to  1  n , where 

Sheet Unmapped
A1: Source | B1: Q no. | C1: Question (English, truncated)

Sheet Settings
A1: Grade thresholds (edit the blue cells; grades on the Items sheet recalculate)
A3: Batch XII: minimum graded questions for High | B3: 4
A4: Batch XIII: minimum graded questions for High | B4: 3
A5: Minimum graded questions for Medium (all batches) | B5: 1
A7: Graded questions = JM exercise of the batch + JA exercise + JEE Main Question Bank; a question present in two of these counts once.
A8: Batch XII: 44 graded questions; High threshold 4 (about 9.1%).
A9: Batch XIII: 37 graded questions; High threshold 3 (about 9.1%).
A10: Sheet exercises J-I, J-II, Challenger (C-I, C-II) and the DPPs are mapped but not graded; Challenger exercises are not used for the coverage check.
A11: A question counts for every item it needs (main concept and also-used items). Low = not tested in the graded questions; it does not mean unimportant.
