Workbook

Sheet Evaluation
A1: Sr No | B1: Paper | C1: Q Ref | D1: Type | E1: Chapter | F1: Marks | G1: Level | H1: Level Label | I1: Equiv. Rel. Adj | J1: MCQ Floor | K1: Adjusted Level | L1: Marks x Adj Level | M1: Key Step | N1: Justification | O1: Nearest Anchor | P1: Confidence
A2: 1 | C2: Q01 | D2: SCQ | E2: Limit | F2: 3 | G2: 2 | H2: Easier than Advanced | I2: 0 | J2: 0 | K2: =MIN(5,MAX(G2+I2,J2)) -> 2 | L2: =F2*K2 -> 6 | M2: Expressing A and B in theta from the figure and comparing their theta^3 terms. | N2: Setting up two trigonometric expressions from a circle figure, then two standard cubic expansions; routine multi-step with no real insight. Sits with 2025-P2-Q1 (L2) and above the one-move 1^infinity anchor 2024-P2-Q3 (L1). | O2: 2025-P2-Q1 (L2) | P2: High
A3: 2 | C3: Q02 | D3: SCQ | E3: Limit | F3: 3 | G3: 2 | H3: Easier than Advanced | I3: 0 | J3: 0 | K3: =MIN(5,MAX(G3+I3,J3)) -> 2 | L3: =F3*K3 -> 6 | M3: Writing 2cos2x - 1 as cos3x/cos x so that tan3x cancels to sin3x/cos x. | N3: One identity link between the 2A and 3A formulas followed by direct evaluation; a 0 times infinity form makes it a little more than one move. Comparable to 2025-P2-Q1 (L2); above 2024-P2-Q3 (L1). | O3: 2025-P2-Q1 (L2) | P3: High
A4: 3 | C4: Q03 | D4: SCQ | E4: Limit | F4: 3 | G4: 3 | H4: Average Advanced | I4: 0 | J4: 0 | K4: =MIN(5,MAX(G4+I4,J4)) -> 3 | L4: =F4*K4 -> 9 | M4: Seeing that N(t) ~ -t^3/3, so N(N(x)) ~ -(1/3)(-x^3/3)^3 = x^9/81. | N4: Two linked ideas: the cubic-order behaviour of t - tan t and the substitution of a small quantity into it, with an x^9 order that rules out L'Hopital. Harder than 2025-P2-Q1 (L2), lighter than the series limit 2025-P1-Q11 (L4). | O4: 2025-P1-Q11 (L4) | P4: Medium
A5: 4 | C5: Q04 | D5: SCQ | E5: Limit | F5: 3 | G5: 2 | H5: Easier than Advanced | I5: 0 | J5: 0 | K5: =MIN(5,MAX(G5+I5,J5)) -> 2 | L5: =F5*K5 -> 6 | M5: Simplifying the binomial ratio to (2n+1)/(2n+2) and applying the 1^infinity rule. | N5: A binomial-coefficient simplification followed by the standard 1^infinity formula: two routine steps chained, so one above the single-move anchor 2024-P2-Q3 (L1, 1^infinity). | O5: 2024-P2-Q3 (L1) | P5: High
A6: 5 | C6: Q05 | D6: SCQ | E6: Limit | F6: 3 | G6: 3 | H6: Average Advanced | I6: 0 | J6: 0 | K6: =MIN(5,MAX(G6+I6,J6)) -> 3 | L6: =F6*K6 -> 9 | M6: Rewriting n(S_n - 1) as -sum k/(n^2+k) and squeezing that sum. | N6: Two ideas linked: a subtraction that exposes the second-order term, then a sandwich with rational bounds. A strong student may stop at S_n -> 1. Same family as the sandwich anchor 2023-P1-Q4 (L4) but with an easier squeeze, so L3. | O6: 2023-P1-Q4 (L4) | P6: Medium
A7: 6 | C7: Q06 | D7: SCQ | E7: Limit | F7: 3 | G7: 2 | H7: Easier than Advanced | I7: 0 | J7: 0 | K7: =MIN(5,MAX(G7+I7,J7)) -> 2 | L7: =F7*K7 -> 6 | M7: Seeing that [cos x] is identically 0 near 0, so the first term uses f(0), while sin x is never 0, so the second uses the limit of f. | N7: A conceptual trap on composite limits with two routine evaluations; no heavy computation. Similar demand to 2025-P2-Q1 (L2); above the one-move L1 anchors because two different composite behaviours must be handled. | O7: 2025-P2-Q1 (L2) | P7: High
A8: 7 | C8: Q07 | D8: Numerical | E8: Limit | F8: 4 | G8: 2 | H8: Easier than Advanced | I8: 0 | J8: 0 | K8: =MIN(5,MAX(G8+I8,J8)) -> 2 | L8: =F8*K8 -> 8 | M8: Splitting the numerator and rationalising each radical, including the cube roots via a^3 - b^3. | N8: Three routine rationalisations combined, no insight; numerical format. Comparable to 2025-P2-Q1 (L2). | O8: 2025-P2-Q1 (L2) | P8: High
A9: 8 | C9: Q08 | D9: Numerical | E9: Limit | F9: 4 | G9: 2 | H9: Easier than Advanced | I9: 0 | J9: 0 | K9: =MIN(5,MAX(G9+I9,J9)) -> 2 | L9: =F9*K9 -> 8 | M9: Splitting Q - H through the arithmetic mean and rationalising Q - A. | N9: Routine rationalisation plus dominant-term limits, with one organising step (splitting through A). Multi-step but no insight; L2 alongside 2025-P2-Q1 (L2). | O9: 2025-P2-Q1 (L2) | P9: High
A10: 9 | C10: Q09 | D10: Numerical | E10: Limit | F10: 4 | G10: 2 | H10: Easier than Advanced | I10: 0 | J10: 0 | K10: =MIN(5,MAX(G10+I10,J10)) -> 2 | L10: =F10*K10 -> 8 | M10: Expanding the base to first order as 1 - 3x/2 and applying the 1^infinity rule. | N10: Standard 1^infinity rule with two routine second-order expansions; numerical format. One above the L1 anchor 2024-P2-Q3 (1^infinity) because the base needs expansions of two different functions. | O10: 2024-P2-Q3 (L1) | P10: High
A11: 10 | C11: Q10 | D11: Numerical | E11: Limit | F11: 4 | G11: 3 | H11: Average Advanced | I11: 0 | J11: 0 | K11: =MIN(5,MAX(G11+I11,J11)) -> 3 | L11: =F11*K11 -> 12 | M11: Squeezing e^{k^3/n^4} between 1 + t and 1 + t + t^2 to get n(a_n - 1) -> 1/4. | N11: Three standard pieces linked: exponential bounds, sum of cubes, and the 1^infinity rule, with the error term to control; no options. Two ideas linked, so L3; lighter than the sandwich anchor 2023-P1-Q4 (L4). | O11: 2023-P1-Q4 (L4) | P11: Medium
A12: 11 | C12: Q11 | D12: Numerical | E12: Limit | F12: 4 | G12: 2 | H12: Easier than Advanced | I12: 0 | J12: 0 | K12: =MIN(5,MAX(G12+I12,J12)) -> 2 | L12: =F12*K12 -> 8 | M12: Showing the floor is n + 19 (the root is just below n + 20) and rationalising. | N12: One GIF observation plus a standard rationalisation, numerical format; the 'tends to 1, not 0' trap adds a step. L2, comparable to 2025-P2-Q1 (L2). | O12: 2025-P2-Q1 (L2) | P12: Medium
A13: 12 | C13: Q12 | D13: Numerical | E13: Limit | F13: 4 | G13: 3 | H13: Average Advanced | I13: 0 | J13: 0 | K13: =MIN(5,MAX(G13+I13,J13)) -> 3 | L13: =F13*K13 -> 12 | M13: Locating the jump points of [x] and [2x] inside the interval and setting each jump to zero. | N13: Two linked ideas: locating jump points of two GIF terms (one a double jump) and solving the continuity conditions, then a one-sided limit at another point. Similar to the GIF continuity anchor 2023-P2-Q6 (L3). | O13: 2023-P2-Q6 (L3) | P13: Medium
... A24: 23 | C24: Q23 | D24: Numerical | E24: Limit | F24: 4 | G24: 2 | H24: Easier than Advanced | I24: 0 | J24: 0 | K24: =MIN(5,MAX(G24+I24,J24)) -> 2 | L24: =F24*K24 -> 8 | M24: Bounding the sum by its largest term (9/4)^n and n times it. | N24: A standard max-term sandwich with n^{1/n} -> 1; two routine steps with one possible trap. L2, near 2025-P2-Q1 (L2). | O24: 2025-P2-Q1 (L2) | P24: High
A26: Adjusted level = min(5, max(level + equivalence-relation adj, MCQ floor)). Equivalence adj +0.5 when the key step tests equivalence relations/classes; MCQ floor 2.5 for one-or-more-correct questions involving several concepts. Edit columns I-J to change them.

Sheet Summary
A1: Difficulty summary
A2: Source: Limit | Evaluated on: 2026-10-19
A4: Level | B4: Label | C4: Questions | D4: Marks | E4: % of marks
A5: 0 | B5: Easier than JEE Main | C5: =COUNTIF(Evaluation!$G$2:$G$24,A5) -> 0 | D5: =SUMIF(Evaluation!$G$2:$G$24,A5,Evaluation!$F$2:$F$24) -> 0 | E5: =IF(SUM($D$5:$D$10)=0,0,D5/SUM($D$5:$D$10)) -> 0
A6: 1 | B6: JEE Main level | C6: =COUNTIF(Evaluation!$G$2:$G$24,A6) -> 0 | D6: =SUMIF(Evaluation!$G$2:$G$24,A6,Evaluation!$F$2:$F$24) -> 0 | E6: =IF(SUM($D$5:$D$10)=0,0,D6/SUM($D$5:$D$10)) -> 0
A7: 2 | B7: Easier than Advanced | C7: =COUNTIF(Evaluation!$G$2:$G$24,A7) -> 14 | D7: =SUMIF(Evaluation!$G$2:$G$24,A7,Evaluation!$F$2:$F$24) -> 52 | E7: =IF(SUM($D$5:$D$10)=0,0,D7/SUM($D$5:$D$10)) -> 0.60465116
A8: 3 | B8: Average Advanced | C8: =COUNTIF(Evaluation!$G$2:$G$24,A8) -> 9 | D8: =SUMIF(Evaluation!$G$2:$G$24,A8,Evaluation!$F$2:$F$24) -> 34 | E8: =IF(SUM($D$5:$D$10)=0,0,D8/SUM($D$5:$D$10)) -> 0.39534884
A9: 4 | B9: Slightly difficult | C9: =COUNTIF(Evaluation!$G$2:$G$24,A9) -> 0 | D9: =SUMIF(Evaluation!$G$2:$G$24,A9,Evaluation!$F$2:$F$24) -> 0 | E9: =IF(SUM($D$5:$D$10)=0,0,D9/SUM($D$5:$D$10)) -> 0
A10: 5 | B10: Very difficult | C10: =COUNTIF(Evaluation!$G$2:$G$24,A10) -> 0 | D10: =SUMIF(Evaluation!$G$2:$G$24,A10,Evaluation!$F$2:$F$24) -> 0 | E10: =IF(SUM($D$5:$D$10)=0,0,D10/SUM($D$5:$D$10)) -> 0
A11: Total | C11: =SUM(C5:C10) -> 23 | D11: =SUM(D5:D10) -> 86
A13: Scope | B13: Weighted index (adjusted) | C13: Weighted index (unadjusted) | D13: Marks | E13: Mean level
A14: Overall | B14: =SUM(Evaluation!$L$2:$L$24)/SUM(Evaluation!$F$2:$F$24) -> 2.3953488 | C14: =SUMPRODUCT(Evaluation!$F$2:$F$24,Evaluation!$G$2:$G$24)/SUM(Evaluation!$F$2:$F$24) -> 2.3953488 | D14: =SUM(Evaluation!$F$2:$F$24) -> 86 | E14: =AVERAGE(Evaluation!$G$2:$G$24) -> 2.3913043
A16: Weighted index = sum(marks x level) / sum(marks), scale 0-5. 'Adjusted' uses the adjusted level (equivalence-relation adjustment and MCQ floor); 'unadjusted' uses the integer level.

Sheet Reference
A1: User's own ratings of official JEE Advanced maths papers
A3: Year | B3: Weighted index | C3: Mean level | D3: Marks at L0-1 | E3: Marks at L4-5 | F3: Level-5 questions
A4: 2021 | B4: 2.7583333 | C4: 2.8947368 | D4: 16 | E4: 34 | F4: 1
A5: 2023 | B5: 3.1916667 | C5: 3.1470588 | D5: 13 | E5: 47 | F5: 5
A6: 2024 | B6: 2.5916667 | C6: 2.5588235 | D6: 28 | E6: 40 | F6: 1
A7: 2025 | B7: 3.2083333 | C7: 3.1875 | D7: 8 | E7: 65 | F7: 1
A8: 2026 | B8: 3.025 | C8: 2.9411765 | D8: 6 | E8: 38 | F8: 2
A9: This paper | B9: =Summary!B14 -> 2.3953488 | C9: =Summary!E14 -> 2.3913043 | D9: =Summary!D5+Summary!D6 -> 0 | E9: =Summary!D9+Summary!D10 -> 0 | F9: =Summary!C10 -> 0
A11: Source: the user's ratings in references/anchors.csv, used as given (they already reflect format and topic). 'This paper' uses the adjusted index. Official papers are 120 marks; compare the marks-at-level columns only for full-length papers.
