Workbook

Sheet Items
A1: No. | B1: Heading | C1: Quick Review prompt | D1: Status | E1: Added from | F1: Original no. | G1: All graded count | H1: All grade | I1: All mapped questions
A2: 1 | B2: Exponential Form | C2: What is exponential form? Explain all its components with their conditions. | D2: Original | F2: 1 | G2: =COUNTIFS(Map!$D:$D,$A2,Map!$F:$F,"Y") -> 0 | H2: =IF(G2>=Settings!$B$3,"High",IF(G2>=Settings!$B$4,"Medium","Low")) -> Low | I2: =COUNTIF(Map!$D:$D,$A2) -> 0
A3: 2 | B3: Exponential Form | C3: How do you solve an equation by converting to the same base and comparing the powers? | D3: Original | F3: 2 | G3: =COUNTIFS(Map!$D:$D,$A3,Map!$F:$F,"Y") -> 0 | H3: =IF(G3>=Settings!$B$3,"High",IF(G3>=Settings!$B$4,"Medium","Low")) -> Low | I3: =COUNTIF(Map!$D:$D,$A3) -> 1
A4: 3 | B4: Logarithmic Form | C4: What is logarithmic form and what are the conditions on its components? | D4: Original | F4: 3 | G4: =COUNTIFS(Map!$D:$D,$A4,Map!$F:$F,"Y") -> 0 | H4: =IF(G4>=Settings!$B$3,"High",IF(G4>=Settings!$B$4,"Medium","Low")) -> Low | I4: =COUNTIF(Map!$D:$D,$A4) -> 3
A5: 4 | B5: Logarithmic Form | C5: How do you convert logarithmic form to exponential form? | D5: Original | F5: 4 | G5: =COUNTIFS(Map!$D:$D,$A5,Map!$F:$F,"Y") -> 0 | H5: =IF(G5>=Settings!$B$3,"High",IF(G5>=Settings!$B$4,"Medium","Low")) -> Low | I5: =COUNTIF(Map!$D:$D,$A5) -> 6
A6: 5 | B6: Properties of Logarithm | C6: What is the value of a log when the number and the base are the same? | D6: Original | F6: 5 | G6: =COUNTIFS(Map!$D:$D,$A6,Map!$F:$F,"Y") -> 0 | H6: =IF(G6>=Settings!$B$3,"High",IF(G6>=Settings!$B$4,"Medium","Low")) -> Low | I6: =COUNTIF(Map!$D:$D,$A6) -> 1
A7: 6 | B7: Properties of Logarithm | C7: What is the value of a log when the number and the base are reciprocals of each other? | D7: Original | F7: 6 | G7: =COUNTIFS(Map!$D:$D,$A7,Map!$F:$F,"Y") -> 0 | H7: =IF(G7>=Settings!$B$3,"High",IF(G7>=Settings!$B$4,"Medium","Low")) -> Low | I7: =COUNTIF(Map!$D:$D,$A7) -> 0
A8: 7 | B8: Properties of Logarithm | C8: What is the value of a log when the number is 1? | D8: Original | F8: 7 | G8: =COUNTIFS(Map!$D:$D,$A8,Map!$F:$F,"Y") -> 0 | H8: =IF(G8>=Settings!$B$3,"High",IF(G8>=Settings!$B$4,"Medium","Low")) -> Low | I8: =COUNTIF(Map!$D:$D,$A8) -> 1
A9: 8 | B9: Properties of Logarithm | C9: What is the fundamental log identity and what is its use? | D9: Original | F9: 8 | G9: =COUNTIFS(Map!$D:$D,$A9,Map!$F:$F,"Y") -> 0 | H9: =IF(G9>=Settings!$B$3,"High",IF(G9>=Settings!$B$4,"Medium","Low")) -> Low | I9: =COUNTIF(Map!$D:$D,$A9) -> 6
A10: 9 | B10: Properties of Logarithm | C10: How do you club two log terms given as a sum or difference? | D10: Original | F10: 9 | G10: =COUNTIFS(Map!$D:$D,$A10,Map!$F:$F,"Y") -> 0 | H10: =IF(G10>=Settings!$B$3,"High",IF(G10>=Settings!$B$4,"Medium","Low")) -> Low | I10: =COUNTIF(Map!$D:$D,$A10) -> 21
A11: 10 | B11: Properties of Logarithm | C11: What happens to the power of the number of a logarithm? | D11: Original | F11: 10 | G11: =COUNTIFS(Map!$D:$D,$A11,Map!$F:$F,"Y") -> 0 | H11: =IF(G11>=Settings!$B$3,"High",IF(G11>=Settings!$B$4,"Medium","Low")) -> Low | I11: =COUNTIF(Map!$D:$D,$A11) -> 24
A12: 11 | B12: Properties of Logarithm | C12: What happens to the power of the base of a logarithm? | D12: Original | F12: 11 | G12: =COUNTIFS(Map!$D:$D,$A12,Map!$F:$F,"Y") -> 0 | H12: =IF(G12>=Settings!$B$3,"High",IF(G12>=Settings!$B$4,"Medium","Low")) -> Low | I12: =COUNTIF(Map!$D:$D,$A12) -> 17
A13: 12 | B13: Properties of Logarithm | C13: How do you club several log terms given in sum/difference form? | D13: Original | F13: 12 | G13: =COUNTIFS(Map!$D:$D,$A13,Map!$F:$F,"Y") -> 0 | H13: =IF(G13>=Settings!$B$3,"High",IF(G13>=Settings!$B$4,"Medium","Low")) -> Low | I13: =COUNTIF(Map!$D:$D,$A13) -> 7
... A45: 44 | B45: Irrational Inequalities | C45: How do you solve the different types of irrational inequalities? | D45: Original | F45: 44 | G45: =COUNTIFS(Map!$D:$D,$A45,Map!$F:$F,"Y") -> 0 | H45: =IF(G45>=Settings!$B$3,"High",IF(G45>=Settings!$B$4,"Medium","Low")) -> Low | I45: =COUNTIF(Map!$D:$D,$A45) -> 0
A46: 45 | B46: Miscellaneous | C46: How do you compare two logarithmic numbers (decide >, < or =)? | D46: Added | E46: DPP-4 Q15, Q21 | G46: =COUNTIFS(Map!$D:$D,$A46,Map!$F:$F,"Y") -> 0 | H46: =IF(G46>=Settings!$B$3,"High",IF(G46>=Settings!$B$4,"Medium","Low")) -> Low | I46: =COUNTIF(Map!$D:$D,$A46) -> 2
A47: 46 | B47: Miscellaneous | C47: How do you simplify a nested radical \sqrt{a\pm2\sqrt b}? | D47: Added | E47: DPP-1 Q4 | G47: =COUNTIFS(Map!$D:$D,$A47,Map!$F:$F,"Y") -> 0 | H47: =IF(G47>=Settings!$B$3,"High",IF(G47>=Settings!$B$4,"Medium","Low")) -> Low | I47: =COUNTIF(Map!$D:$D,$A47) -> 1

Sheet Map
A1: Source | B1: Q no. | C1: Group | D1: Item no. | E1: Role | F1: Graded in All | G1: Question (English, truncated)
A2: DPP-1 | B2: 1 | C2: DPP | D2: 13 | E2: Main | F2: N | G2: Let x = 2^(log 3) and y = 3^(log 2), base 10. Which holds?
A3: DPP-1 | B3: 1 | C3: DPP | D3: 8 | E3: Also | F3: N | G3: Let x = 2^(log 3) and y = 3^(log 2), base 10. Which holds?
A4: DPP-1 | B4: 2 | C4: DPP | D4: 14 | E4: Main | F4: N | G4: If log_y x + log_x y = 7, find (log_y x)^2 + (log_x y)^2.
A5: DPP-1 | B5: 3 | C5: DPP | D5: 13 | E5: Main | F5: N | G5: Find a for which log_a 7 / log_6 7 = log_pi 36.
A6: DPP-1 | B6: 3 | C6: DPP | D6: 14 | E6: Also | F6: N | G6: Find a for which log_a 7 / log_6 7 = log_pi 36.
A7: DPP-1 | B7: 3 | C7: DPP | D7: 15 | E7: Also | F7: N | G7: Find a for which log_a 7 / log_6 7 = log_pi 36.
A8: DPP-1 | B8: 4 | C8: DPP | D8: 46 | E8: Main | F8: N | G8: The expression sqrt(12+6sqrt3) + sqrt(12-6sqrt3) simplifies to
A9: DPP-1 | B9: 5 | C9: DPP | D9: 23 | E9: Main | F9: N | G9: If log_2(log_3(log_4 x))=0, log_3(log_4(log_2 y))=0, log_4(log_2(log_3 z))=0, find x+y+z.
A10: DPP-1 | B10: 5 | C10: DPP | D10: 4 | E10: Also | F10: N | G10: If log_2(log_3(log_4 x))=0, log_3(log_4(log_2 y))=0, log_4(log_2(log_3 z))=0, find x+y+z.
A11: DPP-1 | B11: 6 | C11: DPP | D11: 13 | E11: Main | F11: N | G11: log10(log_2 3)+log10(log_3 4)+...+log10(log_1023 1024) simplifies to
A12: DPP-1 | B12: 6 | C12: DPP | D12: 9 | E12: Also | F12: N | G12: log10(log_2 3)+log10(log_3 4)+...+log10(log_1023 1024) simplifies to
A13: DPP-1 | B13: 7 | C13: DPP | D13: 21 | E13: Main | F13: N | G13: Number of digits in 4^16 . 5^25 (log10 2 = 0.3010).
... A246: DPP-4 | B246: 29 | C246: DPP | D246: 15 | E246: Also | F246: N | G246: Match the columns (A-D): x1x2 for x^(log x)=100x; sum of squares of roots of log_2(9-2^x)=3-x; x from log_{1/8}(log_{1/4}(log_{1/2} x))=1/3;

Sheet Unmapped
A1: Source | B1: Q no. | C1: Question (English, truncated)

Sheet Settings
A1: Grade thresholds (edit the blue cells; grades on the Items sheet recalculate)
A3: Batch All: minimum graded questions for High | B3: 9
A4: Minimum graded questions for Medium (all batches) | B4: 1
A6: Graded questions = JM exercise of the batch + JA exercise + JEE Main Question Bank; a question present in two of these counts once.
A7: Batch All: 104 graded questions; High threshold 9 (about 9.1%).
A8: Sheet exercises J-I, J-II, Challenger (C-I, C-II) and the DPPs are mapped but not graded; Challenger exercises are not used for the coverage check.
A9: A question counts for every item it needs (main concept and also-used items). Low = not tested in the graded questions; it does not mean unimportant.
